file or event	id or key	quote (October)	October verdict	verdict on HEAD	why
data/facilitiesData.ts	REC-T1 Recreation Center	Fitness and intramural space for 1,200 students; a small draw on its own.	vague	changed	The quoted words are no longer in src/: reworded or removed by Plan 76C/D (blurbs and letters: #224; events: #228), each under test/text-true.test.ts or test/event-truth.test.ts
data/facilitiesData.ts	REC-T2 Athletics Complex (b)	The chain's capstone: a varsity-grade complex adding 3,500 more capacity	vague	changed	The quoted words are no longer in src/: reworded or removed by Plan 76C/D (blurbs and letters: #224; events: #228), each under test/text-true.test.ts or test/event-truth.test.ts
data/facilitiesData.ts	ATH-FIELD Multi-Sport Field	shared by every varsity team that plays on grass	false	changed	The quoted words are no longer in src/: reworded or removed by Plan 76C/D (blurbs and letters: #224; events: #228), each under test/text-true.test.ts or test/event-truth.test.ts
data/facilitiesData.ts	LANDMARK-DOME The Great Dome	A domed rotunda over a reading room, the kind of room people travel to stand in.	vague	changed	The quoted words are no longer in src/: reworded or removed by Plan 76C/D (blurbs and letters: #224; events: #228), each under test/text-true.test.ts or test/event-truth.test.ts
data/campusData.ts	DORM-04 Hillcrest House	Suites behind a proper front door: quieter than the halls, with a kitchen to each floor... Adds 500 beds.	vague	changed	The quoted words are no longer in src/: reworded or removed by Plan 76C/D (blurbs and letters: #224; events: #228), each under test/text-true.test.ts or test/event-truth.test.ts
data/campusData.ts	DORM-05 Cascade House	An apartment block... kitchens and a lock on every door, housing for the upper years. Adds 500 beds.	vague	changed	The quoted words are no longer in src/: reworded or removed by Plan 76C/D (blurbs and letters: #224; events: #228), each under test/text-true.test.ts or test/event-truth.test.ts
data/campusData.ts	DORM-07 Vanguard House	a balcony to every other flat, and the end of the dining hall's hold on the upper years.	false	changed	The quoted words are no longer in src/: reworded or removed by Plan 76C/D (blurbs and letters: #224; events: #228), each under test/text-true.test.ts or test/event-truth.test.ts
data/campusData.ts	DORM-09 Crestline House	the residence the college shows visitors, and the one the seniors choose.	vague	changed	The quoted words are no longer in src/: reworded or removed by Plan 76C/D (blurbs and letters: #224; events: #228), each under test/text-true.test.ts or test/event-truth.test.ts
data/projectData.ts	PROJ-ARTS (b)	Opens once every Arts & Media course is taught.	vague	changed	The quoted words are no longer in src/: reworded or removed by Plan 76C/D (blurbs and letters: #224; events: #228), each under test/text-true.test.ts or test/event-truth.test.ts
data/projectData.ts	PROJ-RESEARCH-PARK (a)	where Landmark Programs are commissioned	false	changed	The quoted words are no longer in src/: reworded or removed by Plan 76C/D (blurbs and letters: #224; events: #228), each under test/text-true.test.ts or test/event-truth.test.ts
data/projectData.ts	PROJ-RESEARCH-PARK (b)	Laboratories for rent at the edge of campus, to companies... faculty who want to be near the money	vague	changed	The quoted words are no longer in src/: reworded or removed by Plan 76C/D (blurbs and letters: #224; events: #228), each under test/text-true.test.ts or test/event-truth.test.ts
data/projectData.ts	PROJ-RESEARCH-PARK (c)	Opens once every lab on campus has seen an initiative through.	vague	changed	The quoted words are no longer in src/: reworded or removed by Plan 76C/D (blurbs and letters: #224; events: #228), each under test/text-true.test.ts or test/event-truth.test.ts
data/projectData.ts	PROJ-GRADUATE (b)	Opens once any school's undergraduate courses are all taught.	vague	changed	The quoted words are no longer in src/: reworded or removed by Plan 76C/D (blurbs and letters: #224; events: #228), each under test/text-true.test.ts or test/event-truth.test.ts
data/projectData.ts	PROJ-LAW (b)	Opens once every Social Sciences & Humanities course is taught.	vague	changed	The quoted words are no longer in src/: reworded or removed by Plan 76C/D (blurbs and letters: #224; events: #228), each under test/text-true.test.ts or test/event-truth.test.ts
data/projectData.ts	PROJ-BUSINESS (b)	Opens once every Business course is taught.	vague	changed	The quoted words are no longer in src/: reworded or removed by Plan 76C/D (blurbs and letters: #224; events: #228), each under test/text-true.test.ts or test/event-truth.test.ts
data/projectData.ts	PROJ-MUSEUM (a)	Fifty years of gifts, loans and bequests finally in one place and on show	vague	changed	The quoted words are no longer in src/: reworded or removed by Plan 76C/D (blurbs and letters: #224; events: #228), each under test/text-true.test.ts or test/event-truth.test.ts
components/BuildPopup.tsx	builtDetail servesPopulation	serves {n}	vague	true	BuildPopup.tsx:308 now "serves {n} · {need}", the need named
components/BuildPopup.tsx	category tabs: Fitness group under "Social"	Social > Fitness: Recreation Center, Gym, Pool, Tennis, Athletics Complex	vague	changed	The quoted words are no longer in src/: reworded or removed by Plan 76C/D (blurbs and letters: #224; events: #228), each under test/text-true.test.ts or test/event-truth.test.ts
components/BuildPopup.tsx	venue expansion tooltip	Adds {seats} seats for the gate and {serves} of social capacity over {weeks} weeks; the teams keep playing while the work is underway.	vague	changed	The quoted words are no longer in src/: reworded or removed by Plan 76C/D (blurbs and letters: #224; events: #228), each under test/text-true.test.ts or test/event-truth.test.ts
components/BuildPopup.tsx	HelpHint: fixed share	A facility serves a fixed share of the enrolled student body, so a bigger class raises the bar for campus life	false	changed	The quoted words are no longer in src/: reworded or removed by Plan 76C/D (blurbs and letters: #224; events: #228), each under test/text-true.test.ts or test/event-truth.test.ts
components/BuildPopup.tsx	HelpHint: housing	housing itself is its own need (see ... Housing attribute), not an admissions requirement	vague	changed	The quoted words are no longer in src/: reworded or removed by Plan 76C/D (blurbs and letters: #224; events: #228), each under test/text-true.test.ts or test/event-truth.test.ts
components/BuildingInfoPanel.tsx	capacity labels	Serves {n} recreation / fitness / court / pool / gallery capacity	vague	changed	The quoted words are no longer in src/: reworded or removed by Plan 76C/D (blurbs and letters: #224; events: #228), each under test/text-true.test.ts or test/event-truth.test.ts
data/quirkData.ts	beloved-lecturer	Students would follow them into a fire. Publishes nothing.	false	changed	The quoted words are no longer in src/: reworded or removed by Plan 76C/D (blurbs and letters: #224; events: #228), each under test/text-true.test.ts or test/event-truth.test.ts
data/quirkData.ts	harsh-grader	The median is a C, and the median is proud of it.	vague	changed	The quoted words are no longer in src/: reworded or removed by Plan 76C/D (blurbs and letters: #224; events: #228), each under test/text-true.test.ts or test/event-truth.test.ts
data/quirkData.ts	a-name	People have heard of them. The name costs extra.	vague	changed	The quoted words are no longer in src/: reworded or removed by Plan 76C/D (blurbs and letters: #224; events: #228), each under test/text-true.test.ts or test/event-truth.test.ts
data/quirkData.ts	committee-creature	Sits on every committee, chairs three, and calls this service.	vague	vague	quirkData.ts:33 unchanged: implies service on committees; no mechanic reads it, and seats pick by teaching and research, which this quirk lowers
data/quirkData.ts	the-easy-a	The course is always full, everyone leaves happy, and nobody knows anything.	vague	changed	The quoted words are no longer in src/: reworded or removed by Plan 76C/D (blurbs and letters: #224; events: #228), each under test/text-true.test.ts or test/event-truth.test.ts
data/quirkData.ts	grades-a-b-plus	Every paper, every year, a B+. Nobody complains, and nobody can say why.	vague	changed	The quoted words are no longer in src/: reworded or removed by Plan 76C/D (blurbs and letters: #224; events: #228), each under test/text-true.test.ts or test/event-truth.test.ts
data/quirkData.ts	always-being-courted	Has an offer from somewhere else every spring, and mentions it to the dean in March.	vague	changed	The quoted words are no longer in src/: reworded or removed by Plan 76C/D (blurbs and letters: #224; events: #228), each under test/text-true.test.ts or test/event-truth.test.ts
data/tagData.ts	research-powerhouse.why	The research is strong, and stronger than the teaching.	vague	changed	The quoted words are no longer in src/: reworded or removed by Plan 76C/D (blurbs and letters: #224; events: #228), each under test/text-true.test.ts or test/event-truth.test.ts
data/tagData.ts	research-powerhouse.teeth	Grants and gifts follow the papers: a tenth more giving each year.	vague	changed	The quoted words are no longer in src/: reworded or removed by Plan 76C/D (blurbs and letters: #224; events: #228), each under test/text-true.test.ts or test/event-truth.test.ts
data/tagData.ts	teaching-college.why	The teaching is strong, and stronger than the research.	vague	changed	The quoted words are no longer in src/: reworded or removed by Plan 76C/D (blurbs and letters: #224; events: #228), each under test/text-true.test.ts or test/event-truth.test.ts
data/tagData.ts	teaching-college.teeth	Students who are known by name stay: one point less attrition a year.	false	changed	The quoted words are no longer in src/: reworded or removed by Plan 76C/D (blurbs and letters: #224; events: #228), each under test/text-true.test.ts or test/event-truth.test.ts
data/tagData.ts	party-school.why	The students are happy, and the classes they arrive in are not the most demanding.	vague	changed	The quoted words are no longer in src/: reworded or removed by Plan 76C/D (blurbs and letters: #224; events: #228), each under test/text-true.test.ts or test/event-truth.test.ts
data/tagData.ts	jock-school.teeth	Recruits want to play here: every team six points stronger.	false	true	The six points are in teamQuality, so every team plays them (Plan 76C; test/text-true.test.ts)
data/tagData.ts	artsy.why	The arts: their programs, their buildings, their share of the campus.	vague	changed	The quoted words are no longer in src/: reworded or removed by Plan 76C/D (blurbs and letters: #224; events: #228), each under test/text-true.test.ts or test/event-truth.test.ts
data/tagData.ts	country-club.why	A dear sticker, little aid, and a beautiful campus.	vague	changed	The quoted words are no longer in src/: reworded or removed by Plan 76C/D (blurbs and letters: #224; events: #228), each under test/text-true.test.ts or test/event-truth.test.ts
data/tagData.ts	pressure-cooker.teeth	Not everyone lasts: one and a half points more attrition a year.	false	true	summerAttrition applies the teeth at the summer, as the preview does (Plan 76C, G7-4)
data/researchData.ts	depth pilot	Pilot Study: One scholar, six months. Publications, and a grant now and then.	false	changed	The quoted words are no longer in src/: reworded or removed by Plan 76C/D (blurbs and letters: #224; events: #228), each under test/text-true.test.ts or test/event-truth.test.ts
data/researchData.ts	depth project (a)	Funded Project: Two scholars, eighteen months. Regular grants	vague	changed	The quoted words are no longer in src/: reworded or removed by Plan 76C/D (blurbs and letters: #224; events: #228), each under test/text-true.test.ts or test/event-truth.test.ts
tabs/AthleticsTab.tsx	budget tier title	{$}/yr into the department's pot	vague	changed	The quoted words are no longer in src/: reworded or removed by Plan 76C/D (blurbs and letters: #224; events: #228), each under test/text-true.test.ts or test/event-truth.test.ts
data/reportData.ts	AXIS_PHRASES.experience	a college its students loved	vague	changed	The quoted words are no longer in src/: reworded or removed by Plan 76C/D (blurbs and letters: #224; events: #228), each under test/text-true.test.ts or test/event-truth.test.ts
data/reportData.ts	WEAKNESSES.academics	never quite learned to teach	vague	changed	The quoted words are no longer in src/: reworded or removed by Plan 76C/D (blurbs and letters: #224; events: #228), each under test/text-true.test.ts or test/event-truth.test.ts
data/reportData.ts	WEAKNESSES.experience	never learned to make its students happy	false	changed	The quoted words are no longer in src/: reworded or removed by Plan 76C/D (blurbs and letters: #224; events: #228), each under test/text-true.test.ts or test/event-truth.test.ts
data/reportData.ts	WEAKNESSES.athletics	never won a game that mattered	vague	changed	The quoted words are no longer in src/: reworded or removed by Plan 76C/D (blurbs and letters: #224; events: #228), each under test/text-true.test.ts or test/event-truth.test.ts
data/reportData.ts	WEAKNESSES.finance	never balanced its books	false	changed	The quoted words are no longer in src/: reworded or removed by Plan 76C/D (blurbs and letters: #224; events: #228), each under test/text-true.test.ts or test/event-truth.test.ts
data/reportData.ts	REPORT_SHAPES.strength	{college}: {phrase}, and a very good one	false	changed	The quoted words are no longer in src/: reworded or removed by Plan 76C/D (blurbs and letters: #224; events: #228), each under test/text-true.test.ts or test/event-truth.test.ts
state/finalReport.ts	athletics axis numbers (report scale)	Averaged {mean} over the run ... (athletics row) and its grade	false	true	The Final Report reads athletic strength on its own 0-100 scale (Plan 76C, G7-5)
data/reportData.ts	VERDICTS.steady	It kept its money: the endowment went from {from} to {to}, and the books mostly balanced.	false	true	"mostly balanced" reads the distress record (Plan 76C)
data/reportData.ts	REPORT_WORDS.notYet	drafted from the tenth: a college is not graded on its first decade.	vague	changed	The quoted words are no longer in src/: reworded or removed by Plan 76C/D (blurbs and letters: #224; events: #228), each under test/text-true.test.ts or test/event-truth.test.ts
data/reportData.ts	REPORT_WORDS.epilogue	...every ten years the chronicle gets an addendum. Nothing new unlocks.	vague	changed	The quoted words are no longer in src/: reworded or removed by Plan 76C/D (blurbs and letters: #224; events: #228), each under test/text-true.test.ts or test/event-truth.test.ts
data/chronicleData.ts	ERA_NAMES.campaign	The {ordinal} Campaign	vague	vague	chronicleData.ts:44 unchanged: the ordinal counts campaign eras, not campaigns
data/chronicleData.ts	CHRONICLE_LINES.rankFlat	The guide had the college {to} throughout, give or take.	vague	true	chronicleData.ts:59 now "at the end, about where it started": says it compares the ends
data/chronicleData.ts	CHRONICLE_LINES.money	The books closed {in the black/red by $X} over the era, and the endowment went from {from} to {to}.	false	true	chronicleData.ts:60 now "Cash on hand {net} over the era": a change in cash said as one
data/chronicleData.ts	CHRONICLE_LINES.moneyPlain	The books closed {net} over the era.	false	true	chronicleData.ts:60 now "Cash on hand {net} over the era": a change in cash said as one
data/chronicleData.ts	CHRONICLE_LINES.troubles	The board climbed to {rung} and the college spent terms in distress.	vague	changed	The quoted words are no longer in src/: reworded or removed by Plan 76C/D (blurbs and letters: #224; events: #228), each under test/text-true.test.ts or test/event-truth.test.ts
data/chronicleData.ts	CHRONICLE_WORDS.sagaGames / sagaGame	The teams have met {count} times: {won} won, {lost} lost.	vague	changed	The quoted words are no longer in src/: reworded or removed by Plan 76C/D (blurbs and letters: #224; events: #228), each under test/text-true.test.ts or test/event-truth.test.ts
data/alumniData.ts	MEMORY_CLAUSES.under-taught	under-taught	vague	vague	alumniData.ts:23 unchanged in substance: reads the course average at commencement, not the class's four years
data/alumniData.ts	MEMORY_CLAUSES.well-taught	properly taught	vague	vague	alumniData.ts:24 "well taught" (was "properly taught"): same commencement snapshot
data/alumniData.ts	MEMORY_CLAUSES.first-of-program	the first to read a subject that did not exist before them	vague	changed	The quoted words are no longer in src/: reworded or removed by Plan 76C/D (blurbs and letters: #224; events: #228), each under test/text-true.test.ts or test/event-truth.test.ts
data/alumniData.ts	MEMORY_CLAUSES.deficits	four years of bad news from the bursary	false	changed	The quoted words are no longer in src/: reworded or removed by Plan 76C/D (blurbs and letters: #224; events: #228), each under test/text-true.test.ts or test/event-truth.test.ts
