file	key	quote	verdict	why
src/data/specializationData.ts	CHOICE_WORDS.intro	The choice is made once and kept: each pillar holds a share only its own specialization fills, and the chosen pillar's opens; the other three stay empty.	true	SPECIALIZATION_TERM_WEIGHTS (prestigeSystem.ts:92); specializationTerm returns 0 for every pillar but the chosen one (specializationData.ts:96-108); resolveSpecialization sets it once (milestone.ts:85)
src/data/specializationData.ts	CHOICE_WORDS.intro	The college stands #{rank} in the guide, in the top {milestone}.	true	offered at SPECIALIZATION_MILESTONE_RANK 20 on the summer's week (milestone.ts:48-55)
src/data/specializationData.ts	opensLine	Opens the faculty training program's share of academics, worth 28 points, ...	vague	28 is in pillar points (the pillar runs 32 to 150). A pillar counts for its weight of prestige, so the shares are worth 9.8 (academics 28 x 35%), 7.0 (research 28 x 25%), 8.5 (student life 34 x 25%) and 5.1 (athletics 34 x 15%) points of prestige: the card that reads largest (34) is worth least. The cards never say which scale.
src/data/specializationData.ts	CHOICE_WORDS.laterNote	The offer stands: it comes back at the close of every summer until a specialization is chosen.	true	raiseSpecializationChoice at every RESOLVE_ADMISSIONS while specializationOpen (milestone.ts:63-69)
src/data/specializationData.ts	CHOICE_WORDS.warning	The college will be specialized in {pillar} for good. It cannot be changed or undone.	true	no action clears s.specialization (reducer; milestone.ts:72-92)
src/data/specializationData.ts	specializationNotice	At the close of the first summer it stands there, the board will ask the administration to choose a specialization	true	milestone.ts:41-69
src/data/specializationData.ts	specializationNotice	Each pillar holds a share that only its own specialization fills, so without one no pillar reaches the top.	true	UNSPECIALIZED_MAXIMA 122, 122, 116, 116 of 150 (prestigeSystem.ts:100-107)
src/data/specializationData.ts	specializationNotice	Athletics also lets a team's quality rise past 80 as easily as below it, and shrinks the established powers' edge in the postseason to a quarter.	true	TEAM_QUALITY_KNEE 80, lifted when specialized (studentLifeData.ts:727-733); SPECIALIZED_STAGE_SHARE (playoffs.ts:46-58): 8/20/35 become 2/5/9
src/data/specializationData.ts	SPECIALIZATION_CARDS.athletics.alsoNow	A program's quality no longer slows above 80, so a team may play to 100, and the established powers keep only a quarter of their edge in the postseason.	true	as the notice; "80" is typed, not read from TEAM_QUALITY_KNEE (it matches)
src/data/specializationData.ts	teamLimitHelp	above {knee} each point of a program's quality comes harder and 100 is out of reach, and the established powers are stronger still in a semifinal and a final	true	soft span above the knee never reaches 100 (studentLifeData.ts:718-733); STAGE_EDGE 8/20/35 (playoffs.ts:46)
src/data/specializationData.ts	specializationStatus	The board offers the choice at the first summer the college stands in the guide's top {milestone}.	true	milestone.ts:48
src/data/specializationData.ts	CLOSED_BUILD_WORDS.why	Only a college specialized in {pillar} may build {name}.	true	project.specialization gates the four buildings (projectData.ts:76 and the three others)
src/data/specializationData.ts	ledBy	Led by {name}, specialized in {pillar}	true	rivals carry a specialization from the start (99 of 99 at year 8)
src/data/trainingData.ts	cards/picksNote	Each year the institute takes professors picked for training, one for every 15 on the faculty and at least 2.	true	picksFor (trainingData.ts:36-38)
src/data/trainingData.ts	picksNote	A pick raises a professor's teaching by a full grade (16 points from a B, 18 from a C), and their potential by as much, so the gain lasts; for a term they teach one course fewer.	true	oneGradeUp (courseQuality.ts:44-47); trainFaculty raises teachingPotential by the gain (training.ts:94-104); TRAINING_SLOTS 1 for TRAINING_WEEKS 26
src/data/trainingData.ts	picksNote	Picks not used by the end of Year {year} lapse.	true	lapseTrainingPicks at week 52 (training.ts:121-130)
src/data/trainingData.ts	whyNot.topGrade	Already teaches at an A: there is no grade above it.	true	gradeWidth null at GRADE_A (courseQuality.ts:37-41)
src/data/trainingData.ts	trainWarning	{course} moves to {to}. / ... will be left without an instructor, since nobody in the field has a course slot free.	true	planTrainingCoverage moves a course to the strongest colleague with a free slot, or orphans it (training.ts:15-22)
src/data/trainingData.ts	termReading	The term is full from 40%.	true	TRAINED_SHARE_FOR_FULL 0.4 (trainingData.ts:31; trainingReading :63-66)
src/data/trainingData.ts	noInstitute	each year it takes some for a term, and they come back a full grade better in the classroom	true	as picksNote
src/data/trainingData.ts	trainArmed	Confirm: {course} moves	true	true, but departs from the register's "Confirm — what is lost" (see 2c)
src/data/researchParkData.ts	cardPark	The Research Park, a capital project only this specialization may build, and with it the Landmark Program: four scholars across disciplines for five years.	true	projectData.ts:76 (specialization: research); Landmark depth: participants 4, weeks 260 (researchData.ts:262)
src/data/researchParkData.ts	cardBoost	While the park stands, every lab's output is 15% higher: more papers, and the grants that ride on them.	true	parkBoost in researchRateMultiplier (researchData.ts:62-66), which papers and grants read
src/data/researchParkData.ts	fills	full at 12 years of Landmark work in the last 10 (a year for each program, each year it runs)	true	LANDMARK_YEARS_FOR_FULL 12, window 10, at most 3 counted (researchParkData.ts:33-35, 82-92)
src/data/researchParkData.ts	cardParkElsewhere	its Landmark Programs stay open, but with this choice it fills no share of research and adds nothing to the labs' output	true	parkWorks needs specialization research (researchParkData.ts:58-60); depthOpen reads the park standing
src/data/researchParkData.ts	unprovenLab	{lab} has not finished a research project — every lab that does brings the Research Park closer	true	project gate everyLabFinished (projectData.ts:76)
src/data/researchParkData.ts	gatedUnchosen	The board offers the choice of a specialization at the first summer the college stands in the guide's top {milestone}.	true	milestone.ts:48
src/data/athleticsComplexData.ts	cardMechanics	While it stands: 2 more flagship programs than the subsidy level allows, scholarships that recruit 17% more, and the established powers' edge over the college cut by a further 3 points in a semifinal and 4 in a final.	true	COMPLEX_FLAGSHIPS 2, COMPLEX_RECRUITING_BOOST 1/6, COMPLEX_HOME_EDGE 0/3/4 (athleticsComplexData.ts:24-45); stageEdge subtracts it (playoffs.ts:58)
src/data/athleticsComplexData.ts	fills	full at 30 points in the last 10 years (a title counts 1, a lost final a half and a lost semifinal a quarter)	true	COMPLEX_POINTS, COMPLEX_POINTS_FOR_FULL 30 (athleticsComplexData.ts:59-61)
src/data/athleticsComplexData.ts	flagshipsHint	Only a flagship is funded in full and recruits.	true	departmentPot bands (studentLifeData.ts)
src/data/athleticsComplexData.ts	works	Full scholarships recruit to +{x}, not +{y}	true	recruitedFull reads RECRUITING_FULL_LIFT x (1 + 1/6)
src/data/downtownData.ts	cardDistrict	The town beside the campus grows into a downtown district over about 10 years, drawn on the map, and meets up to 15% of the students' social, dining and housing needs as it grows.	true	DISTRICT_YEARS_TO_FULL 10 at goodwill 50; OFF_CAMPUS_SHARE 0.15 read by satisfactionSystem.ts:164-172; districtStep drives the map
src/data/downtownData.ts	cardFestival	A festival each spring, from a modest weekend to a headline gala: satisfaction, the next summer's applicants and, at the gala, the alumni's gifts. A spring without one costs the town's goodwill.	true	FESTIVAL terms; applicantLift (downtown.ts:65); SKIPPED_GOODWILL -10
src/data/downtownData.ts	cardTown	Town-and-gown events from a lively downtown, trading money, the students' mood and the town's goodwill.	true	six events gated downtownAtLeast 0.2-0.5 (eventCatalogue.ts:2457-2536)
src/data/downtownData.ts	hintLast	the next is decided in the inbox at the Spring Term's fourth week	true	FESTIVAL_WEEK 30; the Spring Term starts at week 27 (format.ts:135)
src/data/downtownData.ts	offCampusHint	It costs the college nothing to keep.	true	no expense line reads the district
src/data/downtownData.ts	termReading	The downtown has grown {n}% of the way, which carries half the term at first and all of it once grown, and the town's goodwill stands at {g}, in full from 60.	true	growthFactor 0.5 + 0.5 x growth; goodwillFactor to GOODWILL_FOR_FULL 60 (downtownData.ts:176-188)
src/data/downtownData.ts	panelHelp	It grows faster the warmer the town's goodwill.	true	districtPace 0.5 + goodwill/100 (downtownData.ts:31-34)
src/data/downtownData.ts	FESTIVAL_EVENT.text	A headline gala does all of that and seats the alumni at dinner, where they are reliably generous.	true	gala gifts 6% of a year's annual giving, to the endowment
src/data/downtownData.ts	FESTIVAL_EVENT.text	A headline act fills the town's hotels for three nights.	vague	no hotel or town economy exists; the effect is goodwill +6 and the applicants. Flavor a player can fairly read as town income
src/data/eventCatalogue.ts	town-bar.text	The Bell ... proposes a partnership: a student night every Thursday, the college's crest over the door and a fee for the privilege.	true	accept: cash +40,000, mood +2, goodwill -3
src/data/eventCatalogue.ts	town-bar.terms	Accept on the college's terms: no drinks promotions	vague	no fee is paid on these terms (mood +1, goodwill +2): the partnership the text describes pays only when accepted as offered; the label does not say the fee is lost
src/data/eventCatalogue.ts	town-street-festival.lend	Lend them the quad (text: "They promise to put it back exactly as they found it")	vague	costs 30,000 and mood -1: the text promises no damage, the effect charges for some; needs: great-lawn is a quad, good
src/data/eventCatalogue.ts	town-rents.text	raised the rents on student apartments for the third year running	vague	gated downtownAtLeast 0.4 with a 6-year cooldown; "the third year running" can arrive at a district four years old. Rents are not modeled
src/data/eventCatalogue.ts	town-rents.code	Press the landlords for a code of practice	true	mood +1, goodwill -4: the town minds
src/data/eventCatalogue.ts	town-night-buses.share	Pay the college's half	true	cash -100,000, mood +2, goodwill +4
src/data/eventCatalogue.ts	town-colors.banners	Pay for banners down Main Street	true	cash -40,000; no banners drawn, but the festival lighting is the only map effect claimed elsewhere
src/data/eventCatalogue.ts	university-charter.text	{name} College may now call itself {name} University ... the stone is cut once.	true	grantCharter sets the suffix once (charter.ts:22-36); the rename field lives in the letter (InboxTab.tsx CharterAnswer)
src/data/careerWords.ts	nationalityNote	Where they come from. It changes nothing in their work.	true	no system reads nationality
src/data/careerWords.ts	quirkExplained	In the numbers: teaching potential +10, research potential -4 and paid 5% more.	true	built from the quirk's own effects (careerWords.ts:89-107)
src/data/careerWords.ts	quirk morale	the students take to them / the students find them hard going	true	quirk morale summed into satisfaction (satisfactionSystem.ts:221)
src/data/careerWords.ts	chartNote	The bands are the course grades: A from 78, B from 62.	true	GRADE_A 78, GRADE_B 62 (courseQuality.ts:18-19); typed, not read from the constants
src/data/careerWords.ts	noRecognition	Prizes, a distinguished program and 25 years of service are what count.	true	facultyCareer.ts reads exactly these three (Plan 84E)
src/data/careerWords.ts	foundingNote	Came with a record from elsewhere, which counts toward their growth but not their years here.	true	FOUNDING_TENURE_WEEKS (facultyData.ts); arrivedWeek excludes it (career.ts)
src/data/careerWords.ts	notTrained	A training raises teaching a full grade, for good.	true	teaching potential raised by the gain (training.ts:100)
src/data/careerWords.ts	payNote	({listed} at a prestige-50 market)	vague	true arithmetic, but "a prestige-50 market" is a term the game never defines; it is the salary before marketRateMultiplier
src/data/careerWords.ts	candidate	{name} has not worked at {college}. There is no history here yet: the record starts the week they are appointed.	true	appointFaculty sets arrivedWeek (career.ts)
src/tabs/FacultyTab.tsx	market standing (436)	their teaching potential rises with its prestige, and their research potential with its research standing, and a little with prestige	vague	research potential is 70% research standing and 30% prestige (facultyData.ts marketCenters, Plan 84B): "a little" undersells a third
src/tabs/FacultyTab.tsx	market standing (439)	Everyone arrives below their potential and grows toward it over the years they stay.	true	a hire starts at 55% of potential (Plan 84B)
src/tabs/FacultyTab.tsx	help (681)	a scholar on a research project supplies two fewer, as a professor at the Faculty Training Institute supplies one fewer for a term	true	research commitments take 2 slots; TRAINING_SLOTS 1
src/tabs/FacultyTab.tsx	help (694)	about {n} more appointments at the course slots a new hire brings, fewer if you keep them long enough to grow	true	true; second person (see 2d)
src/tabs/HistoryTab.tsx	rank chart note (236)	Of {n} colleges, in the guide's academic ranking; #1 is the top.	false	the chart plots h.rank, the prestige rank (playerRank); since Plan 85 the guide ranks by prestige, the blend of four pillars, and "Academics" is a separate pillar ranking. A player reading this looks for the wrong column
src/tabs/HistoryTab.tsx	prestige chart note (228)	The grade reads the curriculum, the teaching, the students, research, satisfaction, campus life, the buildings and grounds, and the endowment.	false	omits athletics, a pillar worth 15% of prestige since Plan 85B, and crowding; written before the pillars
src/tabs/HistoryTab.tsx	catalog chart note (260)	Breadth is what lifts the prestige limit — the decades-long half of the climb.	false	the only limit left is the teaching standard (teachingCeiling, prestigeSystem.ts:464); breadth is one term of academics (35% of prestige), not half the climb
src/tabs/HistoryTab.tsx	help (47)	It is graded each summer and steps toward the grade — slowly up, quickly down — and trembles toward it between summers.	true	rise 20% of the gap capped at 2.1, fall 30% (StandingBreakdown.tsx:115-116)
src/tabs/HistoryTab.tsx	help (47)	with the endowment added and neglect and crowding subtracted	true	endowment, condition and crowding outside the pillars (prestigeSystem.ts:610-627)
src/systems/prestige/prestigeSystem.ts	teachingCeiling.detail	{n}% of courses graded A: standing can reach {v}. A campus of B's reaches {b}; only A's everywhere reach 150.	vague	the limit is read from the mean grade points (teachingStandardShare), not the share of A's it names: at year 25, "31% of courses graded A: standing can reach 127" sits beside "a campus of B's reaches 128", so more A's appear to lower the limit
src/systems/prestige/prestigeSystem.ts	titles	{n} national titles of the 12 a dynasty is.	vague	titlesScore weighs each title by its sport's payoffMultiplier (prestigeSystem.ts:880-883): the count shown is not what the bar reads
src/systems/prestige/prestigeSystem.ts	beauty	The campus scores {n} of 100 for its trees, landmarks, upkeep and quads; 50 is neutral.	true	beautyScore
src/systems/prestige/prestigeSystem.ts	welfare	{floor} earns nothing and {full} pays in full.	true	WELFARE_FLOOR/FULL constants
src/systems/prestige/prestigeSystem.ts	pillar line	{Pillar} stands at {v} of 150, and counts for {w}% of prestige.	true	PILLAR_WEIGHTS (prestigeSystem.ts:61-66)
src/systems/prestige/prestigeSystem.ts	flagships (none)	the first programs in the department's order are its flagships, as many as the subsidy allows	true	departmentPot
src/tabs/StandingsPanel.tsx + RankingsPanel.tsx	StandingsPanel help	Seven rankings, one field.	true	STANDINGS has seven axes (rivalsSystem.ts:358-366); but the Final Report says "The six standings" (reportData.ts:104,112) and Plan 47's glossary "six rankings": see 2c
src/tabs/StandingsPanel.tsx + RankingsPanel.tsx	StandingsPanel help	Each rival specializes in one pillar, which runs higher and steadier than its others	true	SPECIALIZED_STEADINESS, specialist targets (rivalsSystem.ts:97-129)
src/tabs/StandingsPanel.tsx + RankingsPanel.tsx	StandingsPanel help	Access reads the admit rate and how far the price sits under what the college's prestige could charge; financial strength the endowment per student. Neither counts toward prestige.	true	rivalsSystem.ts:371-
src/tabs/StandingsPanel.tsx + RankingsPanel.tsx	RankingsPanel help	Prestige is their blend, the same for every college: 35%, 25%, 25% and 15%.	true	PILLAR_WEIGHTS applied to rivals (rivalsSystem.ts pillarColumns)
src/components/InboxTab.tsx	answered (empty)	Every matter settled, by the President, a seat or the clock, is kept here.	vague	the Answered list reads the activity log, which keeps 200 lines (Plan 77A): in a busy late game an answer from a few years back is gone
src/components/InboxTab.tsx	held	Nothing moves until this is answered.	true	App.tsx holds the clock on a pending interrupt (Plan 77C)
src/components/InboxTab.tsx	bulletins	kept for a term	true	inbox.ts bulletins leave after a term (ui-shell.md, "The inbox")
src/components/InboxTab.tsx	help (247)	The button in the toolbar counts what needs deciding.	true	inboxBadge counts matters and the stop (Toolbar.tsx:120-124)
src/components/InboxTab.tsx	charter	Change it here, once: the answer carves it.	true	RENAME_COLLEGE only from the charter answer (Plan 80D)
src/tabs/EndowmentPanel.tsx	help (36)	Above {5%} the board starts to worry.	false	DRAW_RATE_PRUDENT is read only by this panel (distress.ts:45; EndowmentPanel.tsx:36,55). Board confidence went in Plan 80C, and nothing in the simulation reacts to the draw rate: the board cannot worry
src/tabs/EndowmentPanel.tsx	draw line (55)	— more than the board thinks prudent	vague	as above: a label with no consequence behind it
