file	id or key	quote	verdict	why
src/data/eventData.ts	naming-rights.prompt	"offers $X to put the family name on the School of Y — permanently ... The check clears immediately"	true	cash += amount and name/donorSurname set on accept (data/eventData.ts:453-464); donor-named halls leave the offer pool (eventData.ts:262-266)
src/data/eventData.ts	naming-rights.sign	"$X in cash now, the school permanently renamed ... a 5-point dent ... that heals"	true	apply adds the cash, dents 5 and renames (eventData.ts:453-464); donor text survives a lost dedication (systems/techtree/schools.ts:61-62); the dent drifts back at 5%/wk (systems/satisfaction/satisfactionSystem.ts:22)
src/data/eventData.ts	naming-rights.decline	"Nothing changes. The building keeps its name."	true	apply only logs (eventData.ts:475-477)
src/data/eventData.ts	hellenic-council.prompt	"they want the college to charter a Hellenic Council and permit Greek-letter organizations"	true	offered once there are 2 clubs (eventData.ts:370,495); the count is read live (eventData.ts:497)
src/data/eventData.ts	hellenic-council.charter	"Chapters begin forming from here on, each petitioning for recognition in the summer's Students beat"	true	sets hellenicCouncilApproved (eventData.ts:507); chapter petitions go through the summer digest (data/studentLifeData.ts:986-991; systems/admissions/resolveAdmissions.ts:92)
src/data/eventData.ts	hellenic-council.charter	"Chapters begin forming from here on"	vague	a chapter also needs 900 enrolled students per chapter (studentLifeData.ts:41,960-962,986-991); the council can come at 2 clubs (~440 students), so none may form for years
src/data/eventData.ts	hellenic-council.charter	"A chapter is worth 2.5 points of social satisfaction against a club's fraction of that"	vague	2.5 and 0.6 are raw points on the social attribute (studentLifeData.ts:59-60); past 20 raw points each is discounted (studentLifeData.ts:1166-1170), social clamps at 100 (satisfactionSystem.ts:195-199), and the headline gets ~24% of it (satisfactionSystem.ts:26-32)
src/data/eventData.ts	hellenic-council.decline	"No fraternity or sorority will ever form at the college, and you will not be asked again. Clubs are unaffected."	true	only hellenicCouncilOffered is set (eventData.ts:519); eligible() needs !offered (495); canFormChapter needs approved (studentLifeData.ts:988); nothing else writes either flag
src/data/eventData.ts	greek-scandal.prompt	"N members, chartered in Year Y ... Counsel and a communications firm will see the chapter through for $X"	true	amount = 1.8 weeks of opex fixed at fire time (eventData.ts:540); membership read live (eventData.ts:545)
src/data/eventData.ts	greek-scandal.pr	"$X up front. X keeps its charter and everything it contributes; satisfaction takes a 3-point dent"	true	cost = amount (eventData.ts:555); dent 3 (eventData.ts:557); the chapter is untouched
src/data/eventData.ts	greek-scandal.disband	"No cash spent. X is dissolved permanently: N points of social satisfaction and $Y a week of cost go with it"	false	for a housed chapter apply also takes its 40 beds out of capacity and tears down the house (eventData.ts:579-581); the describe (eventData.ts:568-574) lists satisfaction and cost only
src/data/eventData.ts	greek-scandal.disband	"N points of social satisfaction ... go with it"	vague	raw figure (eventData.ts:570-572); the real loss comes after the student-life curve and the 100 cap and can be near zero (studentLifeData.ts:1166-1170; tabs/StudentLifeTab.tsx:89-95)
src/data/eventData.ts	greek-housing.prompt	"The college's share of the build is $X"	true	cost = 3.5 weeks of opex (eventData.ts:605,619)
src/data/eventData.ts	greek-housing.build	"$X up front and $Y a week to run it, forever ... adds 40 beds ..., both effective immediately — the house itself is revealed in the build menu"	true	housed set, upkeep += the same weekly figure, capacity += 40, a zero-cost house Buildable pushed as available (eventData.ts:620-648)
src/data/eventData.ts	greek-housing.build	"a further 1.5 points of social satisfaction"	vague	raw figure, subject to the same curve and cap (studentLifeData.ts:61,1152-1170)
src/data/eventData.ts	greek-housing.refuse	"a 2-point satisfaction dent ... will not ask again"	true	housingAsked set (eventData.ts:662) and filtered out (eventData.ts:274-276); dent 2 (eventData.ts:663)
src/data/eventData.ts	ad-shortage.prompt	"has been on at you about T: it has been running without a R ... will not be on the open market for long"	true	needs an AD and a vacant chair (eventData.ts:686); the coach is rolled at fire time and lost if declined (eventData.ts:695-709); "on at you" is a British idiom
src/data/eventData.ts	ad-shortage.appoint	"N takes the R's chair at quality Q — better than the market usually turns up"	true	the rolled coach is seated (eventData.ts:734-735); best of 3 by potential (eventData.ts:698-702) against the market's journeyman floor (systems/athletics/athleticsSystem.ts:35-39)
src/data/eventData.ts	ad-shortage.appoint	"$S/yr thereafter"	vague	staff pay is charged x the athletics tier's upkeepMultiplier 0.75/1.0/1.4 (studentLifeData.ts:284-288,1124-1131) and rises with tenure (athleticsSystem.ts:44-49)
src/data/eventData.ts	ad-shortage.wait	"The chair stays empty ... which costs the team quality for as long as it takes"	true	an empty chair scores COACH_VACANCY_QUALITY in coaching quality (studentLifeData.ts:638-642)
src/data/eventData.ts	recruiting-scandal.prompt	"self-report and take the season's ban, or ... fight it — $X in lawyers, and no promise"	true	needs an AD and a flagship program (eventData.ts:756); amount = 2 weeks of opex (eventData.ts:766)
src/data/eventData.ts	recruiting-scandal.cooperate	"barred from the postseason through Year Y; a 3-point dent"	true	sets postseasonBanThroughYear by the same rule (eventData.ts:778-781); banned teams sit out (systems/athletics/playoffs.ts:93)
src/data/eventData.ts	recruiting-scandal.fight	"Half the time ... no ban follows; the other half ... two seasons with a 5-point dent"	true	random() < 0.5 (eventData.ts:792); ban through year+1 (eventData.ts:795); dent 5 (eventData.ts:797)
src/data/eventData.ts	coach-poached.prompt	"offered the head job at a bigger program ... A retention package of $X would keep them"	true	head coaches at quality 75+ with 2+ years (eventData.ts:333-345); package = 60% of salary (eventData.ts:820)
src/data/eventData.ts	coach-poached.keep	"$X now, and C stays with T"	true	cost charged by the reducer, apply logs (eventData.ts:828-831); the same coach can be asked about again after the 156-week repeat cooldown (eventData.ts:183)
src/data/eventData.ts	coach-poached.release	"C leaves ... the market will list somebody for it next week"	true	headCoach cleared (eventData.ts:840); the weekly market lists a journeyman for every uncovered open chair (athleticsSystem.ts:35-39; studentLifeData.ts:584-592)
src/data/eventData.ts	rival-passed.prompt	"R has passed C in this year's table ... either would cost $X"	true	fired once per passing rival above prestige 100 (systems/events/eventSystem.ts:164-181); both paid choices cost amount (eventData.ts:896,911); "table" is British usage
src/data/eventData.ts	rival-passed.chair	"$X up front, and $S/yr thereafter"	false	S is the base salary; payroll pays S x marketRateMultiplier (systems/finance/financeSystem.ts:235-237), 2.5x-4x at the prestige over 100 this event needs (data/facultyData.ts:619-625; eventSystem.ts:166); every other appointment shows the paid rate (tabs/FacultyTab.tsx:186; systems/faculty/appointments.ts:19); the log repeats the base (eventData.ts:902)
src/data/eventData.ts	rival-passed.chair	"Endow the chair" / "an endowed chair in F"	vague	nothing is endowed: the up-front sum is spent and the salary is ordinary payroll (eventData.ts:896-902)
src/data/eventData.ts	rival-passed.campaign	"$X committed; $2.2X into the endowment ... feeds the financial-resources input to prestige"	true	endowment += round(2.2 x amount) (eventData.ts:913-914); endowment is a weighted prestige input (systems/prestige/prestigeSystem.ts:68,406)
src/data/eventData.ts	rival-passed.hold	"Nothing is spent. The college answers on the field, or does not."	true	apply only logs (eventData.ts:923)
src/data/eventData.ts	varsity-petition.prompt	"wants varsity status: real recruiting, a paid coach, and a conference schedule"	vague	no recruiting lever exists (the pot's funding band stands in, studentLifeData.ts:648-658) and there are no conferences, only a national 8-team bracket (playoffs.ts:7-17)
src/data/eventData.ts	varsity-petition.establish	"$X up front for a program budget" (prompt: "Establishing the program costs $X")	false	apply also sets a permanent weekly program upkeep of 0.003 weeks of opex (eventData.ts:387,977), charged every week even while awaiting the venue (studentLifeData.ts:1121-1131); neither text mentions a running cost
src/data/eventData.ts	varsity-petition.decline	"a 2-point satisfaction dent ... will petition again in 3 years"	true	varsityLastAskedYear set (eventData.ts:996); eligible again after 3 years (studentLifeData.ts:888-892)
src/data/eventData.ts	celebration:grad-program-complete (professional)	"counts toward curriculum breadth — the largest input ... weighted there above its course count, though still inside that input's cap"	true	breadth weight 50 is the largest term (prestigeSystem.ts:52); professional prestigeWeight 1.4-2.0 against 1.0, inside GRADUATE_PROGRAM_SHARE (prestigeSystem.ts:80-94; data/techData.ts:477,497,513)
src/data/eventData.ts	celebration:grad-program-complete (research)	"A research degree counts toward curriculum breadth AND toward the college's research standing"	true	doctoral programs add DOCTORATE_PRESTIGE_CREDIT to research credits (prestigeSystem.ts:186-205); the MFA is typed doctoral, so it too is called "a research degree" (techData.ts:601)
src/data/eventData.ts	celebration:school-founded	"the hall they share is S Hall. The name is permanent"	vague	the school's founding is never revoked (schools.ts:46-54), but the "S Hall" label is live and reverts to the seeded name if a program moves out (schools.ts:56-65)
src/data/eventData.ts	celebration:school-distinguished	"the heaviest single contribution curriculum breadth can make ... graduate programs open in the capital project built to house them"	true	one school = 0.25/7 of breadth against at most 0.15 x 2/12 for one graduate program (prestigeSystem.ts:77-94); the graduate gate needs the host standing (techData.ts:649-655)
src/data/eventData.ts	celebration:program-established	"Every tier-2 course ... finished ... counts toward curriculum breadth from now on ... its tier-3 catalog is open"	true	awarded when every tier-2 id is done (systems/techtree/techSystem.ts:589-596); PROGRAM_ESTABLISHED_SHARE (prestigeSystem.ts:77)
src/data/eventData.ts	celebration:program-distinguished	"All nine courses ... are done ... a further, separate share of curriculum breadth"	true	awarded when tier 3 is done (techSystem.ts:599-606); PROGRAM_DISTINGUISHED_SHARE (prestigeSystem.ts:78)
src/data/eventData.ts	letter:doors-open	"Founders Hall is where every program begins, and most will not stay"	false	canFoundProgram accepts any academic hall with a free slot (techSystem.ts:399-405), and letter a-school-grows tells the player to found programs straight into the school's hall (eventData.ts:1229); the counts are right (data/foundingData.ts:34,46-47)
src/data/eventData.ts	letter:a-hall-of-its-own	"six rooms, three quarters of a million, sixteen weeks to build"	false	Elm Hall costs $2,500,000 and takes 26 weeks (techData.ts:77-79,809-816); stale since the Plan 71 retune (commit a80c989 changed 750_000/16 to 2_500_000/26)
src/data/eventData.ts	letter:somewhere-to-sleep	"Housing is not a cap on how many we admit ... next summer's applicants hear it"	true	enrollment is not bed-gated; beds scale the pool from a 0.35 floor and feed satisfaction, which word of mouth reads (systems/admissions/admissionsSystem.ts:75-82,111-116)
src/data/eventData.ts	letter:summer-is-coming	"it is set blind, it locks, and the class that pays it pays it for four years"	true	three beats (state/types.ts:490); price set blind and locked before the reveal (components/InterruptModal.tsx:219-223,254-270); each class keeps its price (financeSystem.ts:241-249)
src/data/eventData.ts	letter:moving-in	"out of Founders Hall a move is four weeks dark, not the twelve ... more than any other school, so S moves first"	true	FOUNDERS_MOVE_WEEKS 4, RELOCATION_WEEKS 12 (techSystem.ts:448-457); nextSchoolToMove (schools.ts:154-163)
src/data/eventData.ts	letter:moving-in	"E is S's from then on"	vague	a claim is a live reading: another school's program founded into the hall, or the hall emptied, ends it (schools.ts:87-103)
src/data/eventData.ts	letter:a-school-grows	"found every new S program straight into H ... Six S programs in H found the School of S, and the hall takes its name"	true	founding into any academic hall (techSystem.ts:399-405); dedication founds the school and relabels the hall (techSystem.ts:575-582; schools.ts:61-65)
src/data/eventData.ts	letter:a-second-school	"there are six halls for seven schools, and the last school sorted keeps Founders Hall as its own"	true	six hall names (techData.ts:85-88), seven schools (techData.ts:118-200); foundersIsHome (schools.ts:105-112)
src/data/eventData.ts	letter:the-laboratories	"When each has finished one, the Research Park opens"	false	the park also waits for Year 12 (data/projectData.ts:60; systems/estate/projects.ts:30,35), and a school's labs can all finish years earlier
src/data/eventData.ts	letter:the-laboratories	"the Graduate College opens once any school teaches every one of its courses"	false	it also waits for Year 15 (projectData.ts:68; projects.ts:30)
src/data/eventData.ts	letter:the-research-park	"laboratories for rent to companies who want to be near the faculty"	vague	the park earns no rent: $45,000/wk upkeep and a research lift only (projectData.ts:57-61)
src/data/eventData.ts	letter:the-research-park	"It is where Landmark research is commissioned"	vague	the park only unlocks the tier; a Landmark Program still runs in a lab (data/researchData.ts:268-276; systems/research/startInitiative.ts:16,25)
src/data/openingData.ts	welcome	"Three hundred and fifty students ..., five professors ... the clock will not run until you have"	true	FOUNDING_BODY 350 (foundingData.ts:34); five founding faculty (state/actions.ts:372-400); openingHoldsClock (state/opening.ts:31-33)
src/data/openingData.ts	site-hall	"the ground is yours, so this one costs nothing"	true	siting the already-built Founders Hall charges nothing (state/placeBuildable.ts:28-32)
src/data/openingData.ts	teaching	"three programs, two courses each, and a professor on every one ... A program is a row of nine courses"	true	FOUNDING_COURSES_PER_PROGRAM 2 (foundingData.ts:47); nine courses per major (techData.ts:102-106)
src/data/openingData.ts	teaching	"each is developed — paid for once"	vague	development is paid once, but every course then costs weekly upkeep and instruction sections (financeSystem.ts:100-121,177-181)
src/data/openingData.ts	found	"N programs are on offer, and founding one starts its first course with the professor you pick"	true	PROGRAM_OFFER_COUNT 3 (systems/techtree/programOffers.ts:29); foundProgram starts the entry course with the chosen teacher (techSystem.ts:383-387)
src/data/foundingNotes.ts	firstProgram	"the first program the college has chosen ... which the Dean regards as a healthy sign"	true	flavor only (data/foundingNotes.ts:1-5; components/FoundingNotes.tsx:26-32); no Dean seat exists before a school is founded (data/seatData.ts:154-162); "common room" is British
src/data/foundingNotes.ts	firstResidence	"Until this week the college emptied at five o'clock; now there is ... a rota for the kitchen"	true	flavor; every founding student commutes (foundingData.ts:28-31); "rota" is British
src/data/boardData.ts	enter-2	"spent more than it took in for two terms running"	true	Deficit = two or more deficit terms in a row (systems/finance/distress.ts:108,139-140)
src/data/boardData.ts	enter-2	"The board would like to see a surplus before it sees another building"	vague	nothing blocks or scores building at Deficit: only Freeze and Austerity stop construction (distress.ts:73-76), and confidence reads only the term result (distress.ts:181-189)
src/data/boardData.ts	enter-3	"Until it has run two surplus terms with money in the bank, ... no new construction and no borrowing"	true	constructionFrozen/borrowingAllowed (distress.ts:73-80); recovered() (distress.ts:113-115); courses exempt (techSystem.ts:256)
src/data/boardData.ts	enter-4	"cutting maintenance to nothing, and will not let the listed tuition fall"	true	maintenance 0 at Austerity (distress.ts:154); tuitionFloor (distress.ts:84-86; resolveAdmissions.ts:90); after three frozen terms (distress.ts:127)
src/data/boardData.ts	enter-4	"until the books are in surplus again"	vague	exit needs two surplus terms in a row and cash above zero (distress.ts:113-115,123); one surplus term does not lift it
src/data/boardData.ts	enter-5	"an interim chief financial officer for three years, who will set the endowment draw and the maintenance budget ... The college will remember this"	true	9 terms (distress.ts:37); draw 5%, maintenance 50% (distress.ts:155-158); the scar is recorded (distress.ts:193) and read by the report and alumni memory (state/finalReport.ts:133; data/alumniData.ts:32)
src/data/boardData.ts	exit-4	"maintenance goes back to what the administration had set, and the tuition is the administration's again"	true	exit via recovered() (distress.ts:123,142); own settings restored (distress.ts:159-166)
src/data/boardData.ts	exit-5	"The interim CFO's three years are up. The draw and the maintenance budget are the administration's again"	true	fixed sentence (distress.ts:119-121,141)
src/data/boardData.ts	exit-5	"set where they were before the appointment"	vague	restores the settings saved when austerity began, before the board's cuts, not those in force at the appointment (distress.ts:150-153,159-166)
src/data/boardData.ts	idle-cash	"more than a year of its expenses in cash for a year ... keep half a year ... each quarter, until the endowment is as strong as the guidebooks measure"	true	52 weeks over 52 weeks; sweep keeps 26 weeks, runs every 13, capped at the full mark (systems/finance/sweep.ts:25-33,54-59,68-90)
src/data/boardData.ts	idle-cash-again	"will not raise it again for a decade"	true	IDLE_REMINDER_YEARS 10 (sweep.ts:33,86-87)
src/data/boardData.ts	recovered	"paying its way again, with reserves to cover a term ... with its confidence"	true	sent on reaching Sound from Deficit or worse (distress.ts:143); Sound needs a term's expenses in cash (distress.ts:109-110); +2 confidence (distress.ts:184)
src/data/demandData.ts	basicNeeds	"The queue at the dining halls runs out of the door and round the building ... They want X open, and they want a date"	true	the ask is the next available basic-needs building (systems/demands/demandSystem.ts:118-123); 78-week deadline (demandSystem.ts:322-333); "queue" and "round" are British
src/data/demandData.ts	academic	"a sit-in in the reading room has produced a single written demand: X"	true	flavor; the ask is the next academic-need building (demandSystem.ts:118-123); "corridors" leans British
src/data/demandData.ts	social	"The student body has asked, formally, for X"	true	same derivation (demandSystem.ts:134-158)
src/data/demandData.ts	health	"The wait for an appointment at the health service is measured in weeks"	true	health is asked for only above the health gate (demandSystem.ts:137)
src/data/demandData.ts	housing	"Every bed on campus is spoken for and the waiting list is longer than the incoming class"	true	raised only when bed coverage is short (demandSystem.ts:162-180); the waiting list is flavor
src/data/demandData.ts	instruction	"open X, and stop admitting people there is no seat for"	true	met at one more course's worth of seats (demandSystem.ts:184-205); admissions already clip the class to the seats left (systems/techtree/instructionCapacity.ts:53-67)
src/data/demandData.ts	units	"students served by dining" / "beds of campus housing" / "seats across the catalog"	true	each matches the reading demandProgress compares (demandSystem.ts:61-74)
src/systems/demands/demandSystem.ts	log:demand-raised	"raised a formal demand: ..., within 78 weeks"	true	DEMAND_DEADLINE_WEEKS (data/demandData.ts:30; demandSystem.ts:325,332)
src/systems/demands/demandSystem.ts	log:demand-met	"X is open, and the campus knows who asked for it"	vague	met on any rise in the served figure (another building of that need, a chapter house's 40 beds, a dorm's added floors), so X may not be open (demandSystem.ts:61-74,271-275; eventData.ts:630)
src/systems/demands/demandSystem.ts	log:demand-failed	"Word of it will follow the college into next year's admissions"	true	-8 to the stock, which the trailing-year average read by word of mouth captures (demandSystem.ts:278-282; satisfactionSystem.ts:384-385; admissionsSystem.ts:11-15)
src/systems/demands/demandSystem.ts	log:demand-failed	"has passed with nothing built"	vague	also logged when something was built but fell short of the target (demandSystem.ts:278-281)
src/data/promiseData.ts	found-six-schools	"Four schools" / kept "Four schools stand, as the college said in public that they would"	true	goal schoolsOver 4, read at the due summer (data/promiseData.ts:41; systems/events/catalogue.ts:101; systems/promises/promises.ts:72)
src/data/promiseData.ts	thousand-students	"A thousand students on the lawn"	true	enrolledOver 1000, not scaled (promiseData.ts:54; catalogue.ts:88)
src/data/promiseData.ts	endowment-centennial	"A hundred million in the fund" / kept "A hundred million"	false	endowmentOver is multiplied by priceScale (0.2-12, annual opex / $15M) when judged (catalogue.ts:43-46,147,156-159): the real bar runs from $20M to $1.2B; the panel shows only the title (tabs/PromisesPanel.tsx:57,108-111)
src/data/promiseData.ts	teaching-college	"The best teaching in the state"	vague	no college is compared: the goal is a campus average course score of 44, a C (promiseData.ts:80; catalogue.ts:119; data/courseQuality.ts:20)
src/data/promiseData.ts	teaching-college	kept "The teaching is what the college is known for"	vague	"known for" is the identity-tag mechanic (tabs/IdentityPanel.tsx:18); keeping the promise grants no Teaching College tag (promises.ts:72-75)
src/data/promiseData.ts	sound-estate	"Not one building on the register"	true	backlogUnder 1 (x scale, a few dollars) over standing buildings (promiseData.ts:93; catalogue.ts:111)
src/data/promiseData.ts	debt-free	"Owing nothing to anybody"	true	debtUnder 1 (x scale) (promiseData.ts:106; catalogue.ts:107); "refinanced twice" is backstory
src/data/promiseData.ts	open-thirty-programs	"eleven programs, each taught properly" / kept "every one of them is taught"	vague	the goal counts housed programs only; staffing and teaching quality are not read (promiseData.ts:119; catalogue.ts:65-67,99)
src/data/promiseData.ts	beautiful-campus	kept "The campus is what the architect said it could be, fifteen years on"	false	the promise falls due 12 years after it is made (promiseData.ts:133; promises.ts:128); planting is a real lever (engine/reducer.ts:279-291; systems/estate/beauty.ts:57-58)
src/data/promiseData.ts	loyal-alumni	"a decade of doing the unglamorous thing"	false	the term is 12 years (promiseData.ts:146); reunions are the real lever (systems/alumni/giving.ts:142-158)
src/data/promiseData.ts	selective-college	"{college} admits most of those who apply"	false	offered at an admit rate as low as 45% (selectivityUnder 0.55: promiseData.ts:157; catalogue.ts:121-122)
src/data/promiseData.ts	weather-the-storm	"Out of the hole by the decade's end"	false	due 8 years after acceptance, whatever the decade (promiseData.ts:172; promises.ts:128)
src/data/promiseData.ts	weather-the-storm	missed "The date came. The college was still in the hole."	false	the goal also needs board confidence 70+ (promiseData.ts:171): a college back at Sound with confidence 69 is told it is still in the hole; that condition is shown nowhere (PromisesPanel.tsx:108-111)
src/data/promiseData.ts	great-faculty	"thirty of them, properly paid, in a decade"	false	the term is 12 years (promiseData.ts:185)
src/data/promiseData.ts	great-faculty	"Thirty scholars worth the name" / "properly paid"	vague	the goal is a headcount of 30; pay and quality are not read (catalogue.ts:91)
src/data/promiseData.ts	two-thousand-graduates	"Two thousand graduates on the rolls"	true	alumniOver 2000 (promiseData.ts:197; catalogue.ts:68,90)
src/data/promiseData.ts	students-would-choose-again	"publishing the figure every year until it is one the college would print"	true	flavor; the goal is satisfaction 64+ at the due summer (promiseData.ts:210; catalogue.ts:115)
src/data/promiseData.ts	a-years-reserve	"Ten million in reserve" / kept "Ten million in the reserve"	false	cashOver is multiplied by priceScale when judged (catalogue.ts:147,156-159): $10M x scale, from $2M to $120M
src/data/promiseData.ts	one-fifty-million	"A hundred and twenty-five million in the fund"	false	endowmentOver is multiplied by priceScale when judged (catalogue.ts:147,156-159): $125M x scale, from $25M to $1.5B
src/data/promiseData.ts	one-fifty-million	"would like the campaign to be judged by it"	vague	no campaign is tied to the promise and none is read when it is judged (promises.ts:72; systems/alumni/campaigns.ts)
src/data/promiseData.ts	twelve-buildings-and-a-view	"Twelve buildings"	vague	buildingsOver counts every standing building, dorm or facility, including statues, fountains, gardens, quads and courts (catalogue.ts:64,94; state/types.ts:386)
src/data/promiseData.ts	two-thousand-students	"Two thousand students"	true	enrolledOver 2000 (promiseData.ts:262)
src/data/promiseData.ts	reunions-that-fill-the-hall	"a decade of the slow work"	false	the term is 12 years (promiseData.ts:276)
src/data/promiseData.ts	content-at-eight-hundred	"those eight hundred as content as the few hundred are now"	false	the goal is a fixed satisfaction of 50+, not the level at the time the promise is made (promiseData.ts:288)
src/data/promiseData.ts	borrowing-halved	"Borrowing under eight million" / kept "below eight million"	false	debtUnder is multiplied by priceScale when judged (catalogue.ts:147,156-159): $8M x scale, from $1.6M to $96M
src/data/promiseData.ts	twenty-programmes	"Twenty programs would make {college} the college a school-leaver can choose"	true	programsOver 20 (promiseData.ts:314); "school-leaver" and "prospectus" are British
src/data/promiseData.ts	teaching-worth-the-fee	"Teaching worth the fee"	true	goal campus average 30+, a D (promiseData.ts:327; courseQuality.ts:21); "the fee" is British for tuition
src/data/promiseData.ts	teaching-worth-the-fee	kept "The fee is still high"	vague	tuition is not read when the promise is judged; a college that cut its price still hears it (promises.ts:72)
src/data/promiseData.ts	five-hundred-students	"Five hundred students"	true	enrolledOver 500 (promiseData.ts:340)
src/data/promiseData.ts	the-word-at-the-gate	"A college people recommend"	vague	reads as word of mouth (satisfaction), but the goal is prestige 87+ (reputationOver 58 x 1.5: promiseData.ts:353; catalogue.ts:81,124)
src/data/promiseData.ts	a-great-project	"raise one great building, the kind a campus is photographed by"	vague	only capital projects count (projectsOver: catalogue.ts:112); the grand landmarks, "the college on every postcard", carry no project and do not keep it (data/facilitiesData.ts:457-474,911-926)
src/data/promiseData.ts	PROMISE_LINES.offered	"The board has put something on the record: {title}."	vague	it is only an offer until taken; leaving the beat declines it at no cost (promises.ts:118-134)
src/data/promiseData.ts	PROMISE_LINES.accepted	"Accepted, publicly: {title}. {years} years."	true	promises.ts:128-129
src/data/promiseData.ts	PROMISE_LINES.declined	"Declined: {title}."	true	added to the declined list, rested 4 years (promises.ts:131; promiseData.ts:33)
src/data/promiseData.ts	PROMISE_LINES.kept/missed	"{line}"	true	the log carries the promise's own kept/missed line (promises.ts:75)
src/data/promiseData.ts	PROMISE_LINES.dueIn/dueNext/dueNow	"{years} years left" / "Due next year" / "Due this summer"	true	tabs/PromisesPanel.tsx:10-15
src/data/promiseData.ts	PROMISE_LINES.decadeTitle/decadeBody	"Choose up to {picks} to make public. Choosing none costs nothing."	true	decade list at Years 10-40, picks = room left (promises.ts:37-39,84-93,111-115; PromisesPanel.tsx:96)
src/data/promiseData.ts	PROMISE_LINES.decadeTake/decadeTaken	"Aim for this" / "Chosen"	true	labels (PromisesPanel.tsx:109); decadeTake is never rendered
src/data/promiseData.ts	PROMISE_LINES.none	"Nothing promised, and nothing owed."	true	PromisesPanel.tsx:19
src/data/promiseData.ts	PROMISE_LINES.capReached	"Three is as many promises as the college will make at once."	true	PROMISE_CAP 3 (promiseData.ts:25); never shown, since no offer is made without room (promises.ts:78-81; PromisesPanel.tsx:116)
src/data/promiseData.ts	PROMISE_LINES.note	"Declining costs nothing; keeping it is worth more than that."	true	a decline applies no effect; rewards are positive (promises.ts:72-75,131)
src/data/campaignData.ts	new-residence	kept "The beds it paid for are beds nobody had to share."	false	building money is not restricted to housing: it pays first for whatever new building it can cover (systems/techtree/techSystem.ts:260,298; systems/finance/treasury.ts:62-75)
src/data/campaignData.ts	new-residence	"Everyone being asked lived three to a room"	vague	every alumni class is asked; the classes that give more are those "thinned by the years" by attrition, not crowded ones (data/campaignData.ts:47; data/alumniData.ts:22; systems/alumni/campaigns.ts:23-26)
src/data/campaignData.ts	teaching-chairs	"A campaign for endowed chairs: money that pays a salary forever" / missed "short of the chairs it was named for"	vague	the money goes into the general endowment; no chair or salary is endowed (campaigns.ts:75)
src/data/campaignData.ts	library-wing	"A wing for the library, named for whoever gives most of it" / kept "the wing has a name on it"	false	no wing is built or named: the money joins the general building fund (campaigns.ts:76), and library floors are paid only in cash (engine/reducer.ts:819-836)
src/data/campaignData.ts	endowment-drive	"no building, no plaque, nothing to photograph"	true	endowment campaign (campaignData.ts:71; campaigns.ts:75); "four bad years" matches its resonance list (campaignData.ts:74)
src/data/campaignData.ts	quad-restoration	"A campaign to put the old buildings right" / kept "the scaffolding is coming down"	false	building money can never pay a renovation, which is cash only (engine/reducer.ts:346-354); it pays for the next new building (techSystem.ts:260,298)
src/data/campaignData.ts	whenText (all five)	"three hundred alumni, and housing under 70" etc.	true	each matches its when() (campaignData.ts:45-81); the field is never rendered
src/data/seatData.ts	POLICY_RULE_NOTES.thrifty	"Takes the choice that spends least."	true	systems/delegation/seats.ts:165-166; systems/events/catalogueEngine.ts:71
src/data/seatData.ts	POLICY_RULE_NOTES.thorough	"Takes the choice that spends most, which is usually the one that fixes it."	true	seats.ts:167-168; catalogueEngine.ts:72
src/data/seatData.ts	POLICY_RULE_NOTES.popular	"Takes the choice the people it serves feel best about."	vague	it reads only a choice's effect on student satisfaction (mood), whoever the seat serves (seats.ts:162,169; catalogueEngine.ts:68,73; catalogue.ts:320)
src/data/seatData.ts	provost	"offers from elsewhere, visiting appointments, the faculty's routine ... lets the year run at four times"	true	academic inline events (star-poached, contract-visiting-chair) go to it (seats.ts:150-154); 4x needs a Provost (seats.ts:136-137)
src/data/seatData.ts	provost	"The first seat a college fills"	vague	no order is enforced; any seat can be filled first (seats.ts:59-63)
src/data/seatData.ts	provost policy collegial	"Keep the faculty with you"	vague	the popular rule reads student satisfaction; there is no faculty sentiment (seats.ts:169)
src/data/seatData.ts	dean	"One for each school ... Takes the academic routine when there is no Provost; with a Provost, three of them let the year run at eight times"	true	one slot per founded school (seats.ts:31-38); handlerFor (seats.ts:150-154); fastestAllowed (seats.ts:130-132)
src/data/seatData.ts	dean policy collegial	"Keep the department happy"	vague	student satisfaction only (seats.ts:169)
src/data/seatData.ts	facilities	"Roofs, boilers, kitchens and storms: ... answered before they reach the President's desk"	false	storms (and fire, flood, freeze, sinkhole) are seismic letters that always reach the President (catalogueEngine.ts:86-97; data/eventCatalogue.ts:128-130); no estate event concerns kitchens (the kitchen strike is a students letter: eventCatalogue.ts:2039-2046)
src/data/seatData.ts	facilities policy worst-first	"Worst first, properly"	vague	the rule takes each event's costliest choice; nothing ranks buildings or events by condition (seats.ts:167-168; catalogueEngine.ts:72)
src/data/seatData.ts	dean-of-students	"Student life's routine: the Hellenic Council, its houses and its scandals."	true	those decision events are domain 'students' and delegated (eventData.ts:490,529,591; eventSystem.ts:206)
src/data/seatData.ts	dean-of-students policy listen	"Meet them halfway"	vague	popular compares mood figures: it dissolves a chapter in a scandal (-2.5 beats -3), always charters the council and builds every house (eventData.ts:501,551,566,655; seats.ts:169)
src/data/seatData.ts	advancement	"Gifts and bequests: the routine of being given money."	true	advancement inline events go to it (catalogueEngine.ts:104-106); it also takes admissions asks and is required for campaigns (campaigns.ts:43-54), which the blurb omits
src/data/seatData.ts	advancement policies	"Ask about them first" / "Ask properly, and often"	vague	popular reads student satisfaction, not alumni warmth; no policy changes how often anyone is asked (catalogueEngine.ts:60-80)
src/data/ladderData.ts	charter	"Founders Hall, the first residence hall and dining hall, the Library and the Campus Quad" / "The Curriculum, Faculty and Treasury"	true	the only rows seeded available once holdBackUnreached runs (systems/ladder/ladderSystem.ts:33-37); ungated tabs (components/TabNav.tsx:7)
src/data/ladderData.ts	campus-life	"Student Center ..., Recreation Center ..., The Founder's Statue: a first landmark, and a little campus beauty"	true	SCTR-T1 and REC-T1 are social, the statue has beauty 0.6 (ladderData.ts:96; facilitiesData.ts:477)
src/data/ladderData.ts	commencement	"Students ..., History ..., The Fountain: somewhere to sit, and campus beauty"	true	tabs students and history, AMENITY-FOUNTAIN beauty 1 (ladderData.ts:111-112)
src/data/ladderData.ts	curriculum	"The first academic hall is yours to site: six rooms, one program to a room"	true	opens HALL-01 with six slots (ladderData.ts:123; techData.ts:73)
src/data/ladderData.ts	town	"their satisfaction will count it ... every time the college doubles, each of its students costs a little more to administer (the Treasury's 'Being large')"	true	health dormant below 1,500 (satisfactionSystem.ts:202-205); scale cost free below 1,500 (financeSystem.ts:72-80); the gate is 1,500 (facilitiesData.ts:413)
src/data/ladderData.ts	regional	"the recreation chain can be finished with something varsity-grade" / "Athletics Complex: ... varsity-grade"	vague	REC-T2 is a recreation center (social satisfaction, 0.10 prestige); no varsity sport plays there, venues are fields, arenas, diamonds, natatoriums and a stadium (studentLifeData.ts SPORTS venueCategory)
src/data/ladderData.ts	school	"Its laboratories can be built now: research starts there."	true	labs wait on their school's founding (techSystem.ts:351-352)
src/data/ladderData.ts	laboratory	"what comes back is publications, grants and, now and then, a breakthrough"	true	systems/research/researchSystem.ts:55-67,90-120
src/data/ladderData.ts	sport	"if it petitions for varsity status the department starts here"	true	opens the Athletics tab (ladderData.ts:183); the petition runs on a schedule (eventSystem.ts:146-157)
src/data/ladderData.ts	city	"University Clinic: outpatient care for thousands more"	true	HLTH-T2 serves 6,000 (facilitiesData.ts)
src/data/ladderData.ts	research	"A research reputation" / "Scholars elsewhere cite the faculty now"	vague	reached on overall prestige 70, not research (ladderData.ts:199-204)
src/data/ladderData.ts	market	"a grocery store would pay its way, and spare the dining halls"	vague	the store has upkeep and no income (facilitiesData.ts:493-507); it does add basic-needs capacity
src/data/ladderData.ts	distinguished	"Graduate programs open where their schools stand"	vague	they also need their host capital project standing, each with a year gate (techData.ts:649-655; projectData.ts:54-86)
src/data/ladderData.ts	national	"Three years to build, and only one of them" / "a lasting lift to prestige and applications"	true	156 weeks (facilitiesData.ts:451); choosing one closes the others (state/placeBuildable.ts:37-41); lasting via its prestige contribution and beauty (prestigeSystem.ts:170-177; systems/estate/beauty.ts:81-84)
src/data/ladderData.ts	university-town	"The Medical Center: a teaching hospital, from Year 15, that lifts academics and research"	true	MEDICAL_CENTER_PROJECT fromYear 15, academics 6, research 8 (projectData.ts:128)
src/data/figureHints.ts	funds	"only a deficit can push them below zero, and the board reads every term"	false	a catalogue event's default is charged whether or not the cash is there (catalogueEngine.ts:149-153); 51 defaults cost cash, the storm's $600k x scale among them
src/data/figureHints.ts	rank	"Place among N colleges on the academic table, sorted by prestige; one is the top."	true	playerRank = rankBy reputation (systems/rivals/rivalsSystem.ts:313-315)
src/data/figureHints.ts	enrolled	"set each summer by the class you admit and who does not return"	true	set at the summer; event enrollment effects also nudge the freshman class (catalogue.ts:272-293)
src/data/figureHints.ts	prestige	"the grade reads curriculum, teaching, students, research, satisfaction, campus life and the estate"	vague	it also reads endowment per student (weight 8) and subtracts crowding (up to 25) (prestigeSystem.ts:68-69,406,415)
src/data/figureHints.ts	satisfaction	"drifting toward what the campus, the price and student life can offer; below a line, fewer come back"	true	affordability bonus (satisfactionSystem.ts:85-99); attrition only below a line (admissionsSystem.ts:272-276)
src/data/figureHints.ts	cash	"building is paid from it up front, and a building it cannot cover waits for it, a loan or a gift"	true	financingFor (treasury.ts:62-75); a capital project can also take half from the endowment
src/data/figureHints.ts	board	"its confidence out of 100, which surplus terms earn back and deficits spend"	true	distress.ts:181-189
src/data/figureHints.ts	endowment	"earns a return each year and pays its draw into income every week"	true	financeSystem.ts:140,266,313
src/data/figureHints.ts	grants	"banked as each one lands"	true	cash += the grant on award (researchSystem.ts:59-65)
src/data/figureHints.ts	listedTuition	"it moves only at the summer's admissions decision"	true	written only at resolveAdmissions.ts:90
src/data/figureHints.ts	chargedByClass	"its price was locked the summer it enrolled, for four years"	true	tuitionByClass (financeSystem.ts:241-249)
src/data/figureHints.ts	clubs	"Points the clubs add to the satisfaction target right now, from the same sum the weekly tick runs."	true	studentLifeSatisfaction reruns satisfactionTarget (satisfactionSystem.ts:312-372)
src/data/figureHints.ts	greek	"Points the Greek chapters add to the satisfaction target right now"	true	satisfactionSystem.ts:312-372
src/data/figureHints.ts	varsity	"Points varsity teams add to the satisfaction target right now"	true	satisfactionSystem.ts:312-372 (active teams only)
src/data/figureHints.ts	satisfactionTarget	"the target without student life, then with it"	true	tabs/StudentLifeTab.tsx:85
src/data/figureHints.ts	satisfactionToday	"it moves toward the target over the coming weeks"	true	5% of the gap a week (satisfactionSystem.ts:22,374-382)
src/data/figureHints.ts	orgCost	"in upkeep and athletic staff"	true	studentOrgUpkeep includes coaches and the AD (studentLifeData.ts:1115-1132)
src/data/figureHints.ts	applicants	"prestige, the price against the college's name, and word of mouth set it"	vague	the pool also scales with beds (floor 0.35), crowding (down to 0.1x), beauty (plus or minus 12%), cohorts and titles (admissionsSystem.ts:67-86; beauty.ts:81-84)
src/data/figureHints.ts	room	"Seats the catalog can teach next year, less the students who stay on"	true	intakeCeiling seatsLeft (instructionCapacity.ts:53-67)
src/data/figureHints.ts	freshmen	"the admit rate times the pool, held to the room"	true	no yield step (admissionsSystem.ts:21-25)
src/data/figureHints.ts	incomingQuality	"a lower admit rate takes the stronger applicants"	true	the skim takes the best band first (admissionsSystem.ts:21-22)
src/data/figureHints.ts	projectedNet	"once this class and the three above it pay their locked prices"	true	projectConsequences (InterruptModal.tsx:236-238)
src/data/figureHints.ts	projectedSatisfaction	"The satisfaction target with this many students on the campus"	true	InterruptModal.tsx:238-239
src/data/figureHints.ts	tightestNeed	"The service that will be most stretched"	vague	only beds and dining are compared; study space, social space, health and class seats are never picked (systems/admissions/consequences.ts:78-91)
src/data/figureHints.ts	notReturning	"Students who will not come back next year, and why."	true	consequences.ts:75,137
src/data/figureHints.ts	nextThousand	"past the break, growing loses money"	true	marginalStudentMargin (financeSystem.ts:211-216)
src/data/figureHints.ts	tuitionLocked	"The price this class pays every year until it graduates."	true	financeSystem.ts:241-249
src/data/figureHints.ts	admitRate	"The share of the pool the college chose to admit."	true	admissionsSystem.ts:21-25
src/components/BuildPopup.tsx	HelpHint@721	"A facility serves a fixed share of the enrolled student body, so a bigger class raises the bar"	false	a facility serves a fixed number (servesPopulation); the need is a fixed share of enrollment (satisfactionSystem.ts:43-49,137-166)
src/components/CampusMap.tsx	HelpHint@1803	"placing it here is how it starts: the cost is charged at once ... Keys: W/A/S/D ... 1 to 4 set the speed, and M mutes"	true	placeBuildable charges and starts (placeBuildable.ts:33-36); the keys match (CampusMap.tsx:1498-1506; App.tsx:70-74,123; StatusHeader.tsx:40-45)
src/components/FinalReportView.tsx	HelpHint@27 (reportData markHint)	"how far it came from the first decade to the last, where the guide put the college at the end, and how many promises it kept"	true	state/finalReport.ts:33-41
src/tabs/TreasuryTab.tsx	HelpHint@68	"Every figure here is per week, and is exactly what the weekly tick charges or collects"	vague	each line is exact, but the student-life line (clubs, chapters, teams, coaches, AD) is charged (financeSystem.ts:288,294-295) and never shown, so the lines do not sum to Total expenses (TreasuryTab.tsx:74-171)
src/tabs/HistoryTab.tsx	HelpHint@174	"graded each summer and steps toward the grade — slowly up, quickly down — ... the other two drift weekly"	true	rise 0.20, fall 0.30 (prestigeSystem.ts:37-38); weekly drift (prestigeSystem.ts:683-684)
src/tabs/HistoryTab.tsx	HelpHint@290	"One entry is filed each year, when the summer admissions decision resolves."	true	resolveAdmissions.ts:174
src/tabs/HistoryTab.tsx	HelpHint@318	"The charts run to the fiftieth year, when the record is sealed."	vague	the Final Report is sealed at 50 (resolveAdmissions.ts:75-83), but a history row is still filed every Epilogue summer (resolveAdmissions.ts:174)
src/tabs/AdvancementPanel.tsx	HelpHint@35	"building money pays for buildings and nothing else. It needs a VP of Advancement, runs one at a time ... A title year lifts what everyone gives."	true	campaigns.ts:36-54,73-77
src/tabs/EndowmentPanel.tsx	HelpHint@34	"Cash moved in stays in: it pays out only at the draw rate"	vague	a capital project can take half its cost from the endowment (techSystem.ts:299-301; systems/estate/projects.ts:56-66); the rates are the constants
src/tabs/EndowmentPanel.tsx	HelpHint@85	"full marks at $80,000 a student ... A standing sweep moves what is above the reserve into the endowment at each quarter's close"	true	rivalsSystem.ts:233; sweep.ts:54-75
src/tabs/StudentLifeTab.tsx	HelpHint@76	"these are the real points they are adding to it right now — read from the same computation the weekly tick runs"	true	satisfactionSystem.ts:351-372
src/tabs/StudentLifeTab.tsx	HelpHint@237	"the percentage under each name is how much of the headline number that attribute is worth"	true	ATTRIBUTE_WEIGHTS (satisfactionSystem.ts:26-32); the breakdown is unsmoothed (satisfactionSystem.ts:374-376)
src/tabs/StudentLifeTab.tsx	HelpHint@296	"Finish the building and the demand clears itself; there is nothing to confirm."	true	resolveActiveDemand runs weekly (demandSystem.ts:264-276)
src/tabs/IdentityPanel.tsx	HelpHint@18	"known for at most three things ... earned by being something 2 years running, and shed the same way"	true	TAG_LIMIT 3, TAG_YEARS 2 (data/tagData.ts:41-42; systems/identity/tags.ts:100-111)
src/tabs/PromisesPanel.tsx	HelpHint@49 (PROMISE_LINES.note)	"Declining costs nothing; keeping it is worth more than that."	true	see PROMISE_LINES.note (promises.ts:72-75,131)
src/tabs/AthleticsTab.tsx	HelpHint@147	"Every open chair always has somebody listed ... a better Athletic Director scouts a narrower range. Listings withdraw after a few months"	true	studentLifeData.ts:557,581-592,393-395
src/tabs/AthleticsTab.tsx	HelpHint@221	"the college's subsidy (the one dial here)"	vague	the tier dial also multiplies every team's upkeep and staff pay (0.75/1.0/1.4) and athletics' satisfaction bonus (0.6/1.0/1.5) (studentLifeData.ts:284-288,1124-1145)
src/tabs/AthleticsTab.tsx	HelpHint@339	"A title lifts Campus life for good, swells the next summer's applicant pool for a few years, and for about a year makes donors easier to find and a campaign worth more"	true	titlesScore (prestigeSystem.ts:633-636); decay 0.65/yr (systems/admissions/cohorts.ts:95-108); inTitleYear (eventData.ts:299,410; campaigns.ts:36-41)
src/tabs/AthleticsTab.tsx	HelpHint@429	"its head coach may resign rather than take the cut. Teams waiting on a venue sit out of the queue"	true	engine/reducer.ts:443; studentLifeData.ts:728
src/tabs/StandingsPanel.tsx	HelpHint@23	"Six tables ... Access reads the admit rate and how far the price sits under what the college's name could charge"	true	rivalsSystem.ts:219-235
src/tabs/EstatePanel.tsx	HelpHint@35	"grows six percent a year ... over eight weeks under scaffolding, and it stays open throughout"	true	systems/estate/estate.ts:18,22; the building stays done while renovating (reducer.ts:346-354); "a fence round a ruin" is British
src/tabs/CurriculumTab.tsx	HelpHint@1231	"develops up to N undergraduate courses at once ... Graduate courses ... take no seat"	true	techSystem.ts:225-231,250
src/tabs/CurriculumTab.tsx	HelpHint@1400	"a school is named once six of its programs share a hall ... Drag a professor onto another course in the same department to swap them"	true	schools.ts:17-34; SWAP_COURSE_FACULTY (reducer.ts:810-813)
src/tabs/ChroniclePanel.tsx	HelpHint@18 (CHRONICLE_WORDS.draft)	"The chronicle in draft: the college's years as the historians will divide them."	true	flavor (systems/chronicle/chronicle.ts)
src/tabs/ResearchTab.tsx	HelpHint@313	"Each research facility hosts one project at a time ... each member gives up two course slots ... the Landmark tier needs scholars from different disciplines"	true	startInitiative.ts:17,26,33,53-60; RESEARCH_COMMITMENT_SLOTS 2 (techSystem.ts:65); it omits that Landmark also needs the Research Park (researchData.ts:268-276)
src/tabs/AlumniPanel.tsx	HelpHint@22	"That sets its warmth for good ... A reunion ... can nudge it a little"	false	campaigns cool every class's warmth weekly (campaigns.ts:77), and event and promise warmth effects move every class (catalogue.ts:326; promiseData.ts:44,148)
src/tabs/AdministrationPanel.tsx	HelpHint@32	"Anything that would move more than four weeks of operating cost ... still comes to you"	vague	escalation reads only what a choice costs; a gift bringing in more than that is answered by the seat (seats.ts:177-181; catalogueEngine.ts:63-65)
src/tabs/FacultyTab.tsx	HelpHint@680	"a scholar on a research project supplies two fewer. Appointing is immediate and costs nothing up front"	true	RESEARCH_COMMITMENT_SLOTS 2 (techSystem.ts:65); hireFaculty charges nothing (systems/faculty/appointments.ts:8-24)
